fly,летать
pilot,пилот
hospital,больница
estate,"поместье, имущество, сословие"
apartment,квартира
bakery,пекарня
temple,храм
church,церковь
dentist,зубной врач
doctor,"доктор, врач"
nurse,няня (не nanny)
cup,чашка
cupboard,буфет
glass,"стакан, бокал"
plate,тарелка
saucepan,кастрюля
jug,кувшин
kettle,чайник
sink,тонуть
tap,постучать
telephone,"телефон, звонить по телефону"
knife,нож
plane,самолет
photographer,фотограф
reporter,репортер
postman,почтальон
cabbage,капуста
fork,вилка
spoon,ложка
waiter,официант
waitress,официантка
market,рынок
actor,актер
drugstore,аптека
pedestrian,пешеход
block,"блок, квартал"
bus,автобус
car,машина
stadium,стадион
street,улица
taxi,такси
tram,трамвай
underground,"метрополитен, подземный, подпольный"
van,"фургон, багажный вагон"
park,"парк, (при)парковать(ся)"
boulevard,бульвар
truck,грузовик
bicycle,велосипед
train,"поезд, привлекать, воспитывать"
coach,"тренировать, инструктор"
fly,летать
pilot,пилот
hospital,больница
estate,"поместье, имущество, сословие"
apartment,квартира
bakery,пекарня
temple,храм
church,церковь
dentist,зубной врач
doctor,"доктор, врач"
nurse,няня (не nanny)
cup,чашка
cupboard,буфет
glass,"стакан, бокал"
plate,тарелка
saucepan,кастрюля
jug,кувшин
kettle,чайник
sink,тонуть
tap,постучать
telephone,"телефон, звонить по телефону"
knife,нож
plane,самолет
photographer,фотограф
reporter,репортер
postman,почтальон
cabbage,капуста
fork,вилка
spoon,ложка
waiter,официант
waitress,официантка
market,рынок
actor,актер
drugstore,аптека
pedestrian,пешеход
block,"блок, квартал"
bus,автобус
car,машина
stadium,стадион
street,улица
taxi,такси
tram,трамвай
underground,"метрополитен, подземный, подпольный"
van,"фургон, багажный вагон"
park,"парк, (при)парковать(ся)"
boulevard,бульвар
truck,грузовик
bicycle,велосипед
train,"поезд, привлекать, воспитывать"
coach,"тренировать, инструктор"
border,граница
artist,художник
actress,актриса
computer,компьютер
mouse,мышь
teacher,учитель
lawyer,"адвокат, юрист"
suit,"костюм, подходить, устраивать"
jail,тюрьма
jacket,куртка
baker,"пекарь, булочник"
butcher,мясник
gardener,садовник
fisherman,рыбак
carpenter,плотник
architect,архитектор
farmer,фермер
locksmith,слесарь
scientist,ученый
writer,писатель
hand,рука
rubber,резина
skin,кожа
mole,крот
foot,"нога, фут"
chest,грудь
scarf,шарф
tie,"связь, связывать, галстук"
blouse,блуза
dress,"платье, одеваться"
shirt,"рубашка, блузка"
jeans,джинсы
raincoat,плащ
shorts,трусики
sweater,эксплуататор
vest,"жилет (амер.), майка"
waistcoat,жилет
socks,носки (от sock)
overcoat,пальто
stockings,чулки (от stocking)
ant,муравей
cat,кошка
deer,"олень, лань"
lion,лев
pig,свинья
bee,пчела
bear,"медведь, спекулянт"
wolf,волк
frog,лягушка
lizard,ящерица
elephant,слон
rabbit,кролик
donkey,осел
mosquito,комар
tiger,тигр
turtle,черепаха (TR!)
monkey,обезьяна
fox,лиса
squirrel,белка
rhinoceros,носорог
worm,"червь, глист, ничтожество (перен.)"
spider,паук
crocodile,крокодил
snake,змея
beetle,"трамбовать, дробить камни"
grasshopper,кузнечик
wasp,оса
moth,"моль, мотылек"
apple,яблоко
apricot,абрикос
carrot,морковь
fig,рис. (TR!)
garlic,чеснок
onion,лук
orange,"апельсин, оранжевый"
peach,персик
pear,груша
pineapple,ананас
plum,слива
tangerine,мандарин (плод)
lemon,лимон
grapes,виноград
melon,дыня
peas,"горошек, горох"
tomato,"томат, помидор"
lettuce,салат
cucumber,огурец
potato,картофель
ear,ухо
beard,борода
cheek,щека
chin,подбородок
eye,глаз
eyebrow,бровь
forehead,лоб
head,"голова, главный, руководить"
lip,губа
mouth,рот
nose,нос
tongue,язык
tooth,зуб
arm,рука
back,"спина, назад"
elbow,локоть
hair,волосы
knee,колено
leg,нога
nail,"ноготь, гвоздь"
neck,шея
shoulder,"плечо, толкать"
face,лицо
palm,ладонь
wrist,"наручный, запястье"
waist,талия
hip,ягода шиповника
pumpkin,тыква
pepper,перец
turnip,репа
parsley,петрушка (бот.)
lime,известь
dog,собака
corner,угол
cow,корова
drawer,чертежник
goat,"козел, коза"
jaw,челюсть
model,модель
pen,ручка
pupil,ученик
rat,крыса
sheep,"овца, овцы"
swing,"качание, качели, качаться, колебаться"
grater,терка
briefcase,портфель
strawberries,клубника
cherries,вишни (от cherry)
dates,даты (от date)
braces,подтяжки
gloves,перчатки (от glove)
pyjamas,пижама
cricket,крикет (спорт.)
beetroot,красная свекла
badger,"барсук, травить"
bench,скамейка
flea,блоха
doll,кукла
rattle,"трещать, греметь, грохотать; треск, грохот, погремушка, трещотка"
cradle,"колыбель, убаюкивать"
infant,младенец
mason,каменщик
foreman,"мастер, старший рабочий, техник, прораб"
nostril,ноздря
calf,"слоненок, теленок, молодой кит"
people,люди
sadness,печаль
joy,радость
happiness,счастье
feeling,"чувство, чувствующий (от feel)"
love,"любовь, любить"
hate,ненавидеть
indifference,безразличие
surprise,"удивление, удивлять"
anger,"гнев, злость"
fright,испуг
laughter,"смех, хохот"
black,черный
sympathy,"симпатия, сострадание"
fear,"страх, опасение, бояться, опасаться"
tenderness,нежность (!NEW!)
blue,синий
brown,коричневый
gold,"золото, золотой"
green,зеленый
grey,серый
pink,розовый
purple,"лиловый, малиновый"
red,красный
silver,"серебро, серебряный"
white,белый
yellow,желтый
lid,крышка
towel,полотенце
refrigerator,холодильник
cabinet,кабинет (не parlour)
stove,"печь, плита"
oven,печь
faucet,"водопроводный кран, вентиль"
pigeon,голубь
crow,ворона
beak,клюв
eagle,орел
owl,сова
feather,"предмет гордости, достижение"
robin,малиновка
sparrow,воробей
ostrich,страус
egg,яйцо
parrot,попугай
peacock,павлин
Turkey,индейка
chicken,"цыпленок, кура"
duck,утка
goose,гусь
swan,лебедь
stork,аист
nest,гнездо
swallow,"глотать, проглатывать"
crane,"журавль, подъемный кран"
sky,небо
sea,"море, океан"
cliff,"утес, скала"
beach,пляж
crab,краб
island,остров
lighthouse,маяк
pebble,"галька, горный хрусталь"
sand,песок
seaweed,морская водоросль (TR!)
shell,"раковина, скорлупа"
wave,волна
motel,"мотель, гостиница"
lifeboat,спасательная лодка
pail,ведро
swimmer,пловец
tube,труба (не pipe)
mask,маска
TV,"телевизор, телевидение"
speaker,оратор
record,"запись, пластинка, отчет, рекорд"
headphones,наушники
radio,радио
microphone,микрофон
gardening,садоводство
reading,чтение
singing,пение (TR!)
ceiling,потолок
wall,стена
painting,живопись
vase,ваза
fireplace,камин (TR!)
staircase,лестница
step,"шаг, шагать (step)"
desk,письменный стол
carpet,"ковер, устилать"
chair,стул
bookcase,книжный шкаф
curtain,"занавеска, занавес"
cushion,подушка
sofa,диван
lamp,лампа
window,"окно, оконный"
plant,"завод, растение, сажать, внедрять, посадить"
photograph,"фотография, фотографировать"
stocking,чулок
slip,"скольжение, скользить"
brain,мозг
throat,горло
heart,сердце
liver,печень
stomach,"живот, желудок"
muscle,мышца
bone,кость
kidney,почка (анатом.)
vein,"вена, жила, жилка"
willow,ива
birch,"береза, розга"
oak,дуб
branch,"ветвь, отрасль"
acorn,желудь
pine,сосна
cone,"конус, шишка (еловая)"
trunk,"ствол, туловище"
bark,кора дерева
root,корень
leaf,лист
twig,"веточка, прутик"
beech,бук
ash,ясень
chestnut,каштан
walnut,грецкий орех
mountain,гора
hill,"холм, гора"
river,река
village,деревня
bridge,мост
orchard,фруктовый сад
pond,пруд (не pool)
stable,конюшня
hay,сено
field,поле
fence,забор
barn,амбар
tent,палатка
blocks,кварталы (от block)
puzzle,"приводить в затруднение, загадка"
shovel,лопата
clay,"глина, земля"
nightingale,соловей
violet,фиолетовый (не purple)
consciousness,"сознание, сознательность"
abstract,"отвлеченный, абстрактный"
dramatic,драматический
grand,величественный
resident,постоянный житель
prop,"подпорка, опора, подпирать"
odd,странный
recommend,рекомендовать
comb,"гребенка, расчесывать, расчесать"
brush,"щетка, чистить щеткой"
razor,бритва
scissors,ножницы
powder,пудра
perfume,духи
pike,щука (не lung)
fry,(за)жарить
smelt,плавить
salmon,лосось
trout,форель
oyster,устрица
fin,плавник
scale,масштаб
net,сеть
bait,приманка
float,"плавать, поплавок"
prey,жертва
glove,перчатка
hat,шляпа
skirt,юбка
trousers,брюки
uniform,"форма, форменная одежда"
necklace,ожерелье
belt,"пояс, ремень"
button,"кнопка, пуговица"
glasses,очки
pocket,карман
umbrella,зонт
purse,кошелек
criminal,"преступник, уголовный"
break,ломать
timid,"робкий, застенчивый"
bomb,"бомба, бомбить"
submarine,подводная лодка
tank,"танк, резервуар"
cannon,"пушка, орудие"
navy,военный флот
sailor,матрос
army,армия
soldier,солдат
marine,"морской флот, морской"
rifle,"ружье, винтовка"
trigger,курок
barrel,баррель
bullet,пуля
fish,рыба
kitten,котенок
tortoise,черепаха
blow,дуть
clap,"хлопать, аплодировать; удар, хлопок"
laugh,"смех, смеяться"
open,открывать
point,"точка, пункт, суть дела, указывать, показывать"
touch,"соприкосновение, контакт"
walk,"гулять, ходить пешком (не hike)"
close,закрывать(ся)
cough,кашель
crawl,ползать (не creep)
cry,"кричать, восклицать"
dance,танцевать
jump,прыгать
hop,хмель (бот.)
fall,падать
drop,"капля, падать, ронять"
draw,рисовать
read,читать
run,"бегать, двигаться, бег, движение, направление"
scratch,царапать
scream,"вскрикнуть, зареветь, визг, вопль (не shriek)"
smile,"улыбаться, улыбка"
sing,"пение, петь"
shout,"кричать, крик"
shake,"пожать (руки), дрожать, трясти"
whisper,"шепот, шептать"
whistle,"свист, свистеть"
write,"писать, записывать"
soap,мыло
bug,"клоп, насекомое, жук (амер.)"
herring,сельдь
oil,масло
engine,"двигатель, мотор, машина"
wheel,колесо
tyre,шина
boot,"ботинок, сапог"
bonnet,"капор, дамская шляпа"
restrain,сдерживать
piano,пианино
harp,арфа
bow,"кланяться, сгибаться"
string,"вереница, ряд, струна, связывать"
drum,барабан
trumpet,труба
organ,орган
universe,"мир, вселенная"
substance,вещество
Science,"наука, умение"
precision,точность
stem,стержень
lily,лилия
daisy,маргаритка
bulb,"луковица, электрическая лампочка"
rose,роза
bud,"почка, бутон, давать почки, пускать ростки"
thorn,"шип, колючка (не prick)"
sunflower,подсолнух
jumper,джемпер
bed,постель
pillow,подушка
sheet,"простыня, лист, пласт"
blanket,одеяло
mirror,зеркало
mattress,матрац
closet,чулан
diver,водолаз
engineer,инженер
cook,"готовить, повар"
trainer,тренер
conductor,кондуктор
surgeon,хирург
building,здание
store,"магазин, имущество, запасать, снабжать"
bend,"гнуться, изгибаться"
clamp,"складывать, скреплять (не brace)"
wood,"лес, древесина, дрова"
outlet,"выход, выходное отверстие"
saw,"видел, смотрел (от see)"
brace,"связывать, скреплять (не clamp)"
mallet,деревянный молоток
hammer,молоток
hook,крючок
hatchet,топор(ик)
chisel,"резец, ваять, высекать"
level,уровень
bolt,молния
screw,"привинчивать, завинчивать, принуждать, винт"
nut,орех
fee,"гонорар, платить гонорар"
salary,оклад
duration,продолжительность
responsibility,ответственность
bathroom,ванная комната
toilet,туалет
kitchen,кухня
bookshelf,книжная полка
dish,блюдо
law,"закон, право"
bat,бить
pony,пони
horse,лошадь
foal,жеребенок
lamb,"ягненок, баранина"
hog,"свинья, боров"
bull,бык
reed,"тростник, камыш (не cane)"
target,задание
lobster,омар
starling,скворец
cuckoo,кукушка
finger,палец
gum,"смола, клей; склеивать(ся) (не tar)"
thumb,большой палец (руки)
index,"индекс, указатель, показатель"
notebook,тетрадь
pencil,карандаш
ruler,"линейка, правитель"
bell,звонок
chalk,мел
compass,"объем, диапазон; компас; циркуль"
glue,"клей; клеить, приклеивать"
paper,"бумага, газета"
complicated,сложный
flu,грипп
stroke,"удар, гладить"
tall,"невероятный, высокий"
short,"короткий, слабый, внезапно"
slim,стройный
thin,"тонкий, худощавый"
fat,жирный
bold,смелый (не dare)
moustache,усы
handsome,красивый
swift,быстрый (не speed)
fracture,"перелом, излом; ломать"
cold,"холод, холодный"
sneeze,"чихать, чиханье"
toes,пальцы ноги(носки) (TR!)
stuff,"вещество, материал, заполнять, набивать"
learned,ученый
box,"ящик, коробка, ложа (театр.)"
fine,"прекрасно, прекрасный"
action,"действие, поступок"
tire,"уставать, надоесть"
bamboo,бамбук
mulberry,тутовое дерево (TR!)
acacia,акация
edible,съедобный
poisonous,ядовитый
home,дом
bald,"лысый, оголенный"
blame,"считать виноватым, вина, упрек, порицание"
attitude,"позиция, отношение, поза"
particular,особый
origin,происхождение
sustain,поддерживать
expectation,ожидание
ticket,билет
porter,носильщик
suitcase,чемодан
baggage,багаж
cabin,каюта
update,модернизация (TR!)
updated,обновленный (TR!)
warehouse,"склад, пакгауз"
check,"проверять, регистрировать"
remain,оставаться
China,фарфор
pitcher,подающий
table,"стол, таблица, расписание"
napkin,"салфетка, пеленка"
saucer,блюдце
ring,"кольцо, звон, звонок, звенеть, звонить"
chain,цепь
pin,"булавка, значок, прикалывать"
watch,"часы, cмотреть, наблюдать"
wallet,бумажник
handbag,дамская сумочка
test,"анализ, проверка, испытывать"
dump,разгружать
strange,странный
foreign,иностранный
huge,огромный (не bulk)
build,строить
whale,кит
walrus,морж
seal,"печать, запечатывать"
running,"пробег, бегущий"
walking,гуляющий
tennis,теннис
wrestle,бороться
boxing,бокс
football,футбол
swimming,плавание
hen,курица
kid,"ребенок (разг.), обманывать (сленг.)"
secretary,секретарь
manager,управляющий
envelope,конверт
employee,"служащий, работник"
employer,наниматель
typewriter,пишущая машинка
cherry,вишня
banana,банан
bean,боб
sprout,"пускать ростки; отросток, побег"
corn,кукуруза
after,после
again,снова
all,"все, весь"
also,"тоже, также"
always,всегда
and,и
angrily,сердито (!NEW!)
angry,сердитый
animal,животное
another,"еще один, другой"
ask,"просить, спрашивать"
at,"в, у"
consider,считать
crowd,"толпа, толпиться"
care,"заботиться, переживать"
guess,"отгадывать, догадка"
glance,"взглянуть, мелькнуть"
rise,"подниматься, восходить, подъем, повышение"
pick,"собирать, подбирать, выбирать"
happen,"случаться, происходить"
handy,"удобный; ловкий, искусный"
occupation,занятие
respect,"уважение, уважать"
faith,вера
recognize,"узнавать, узнать"
coral,коралл (TR!)
a,неопределенный артикль
shark,акула
abandon,"отказываться, покидать, прекращать"
ability,способность (-y не от слова capable)
able,способный (-e)
shrimp,креветка
aboard,"на корабле, на борту, в вагоне"
about,о
above,"над, выше, наверху"
abruptly,"внезапно, резко, грубо"
absolutely,"абсолютно, совершенно"
accent,"подчеркивать, произносить"
accept,принимать
access,"доступ, подход, доступность"
accident,несчастный случай
accompany,сопровождать
according,согласно
account,"счет, оценка, причина"
across,через
act,"акт, дело, действовать"
activity,"деятельность, активность"
actually,"фактически, в настоящее время"
add,"добавлять, прибавлять"
address,"адрес, обращение"
adjust,"регулировать, приспосабливать"
admiral,адмирал
admire,восхищаться
admit,допускать
advance,"продвижение вперед, продвигать"
advantage,"преимущество, выгода"
advice,cовет
affair,"дело, занятие"
afford,позволить себе
afraid,испуганный
afternoon,время после полудня
against,против
age,"век, возраст"
agency,агентство
agent,"деятель, исполнитель"
agree,соглашаться
agreement,"согласие, соглашение"
ahead,вперед
aid,помощь
aim,"целиться, цель"
air,"воздушный, авиационный, проветривать"
airport,аэропорт
alarm,"тревога, (вс)тревожить (alarm)"
alert,"бдительный, проворный"
alive,живой
alley,"аллея, переулок"
allow,"разрешать, разрешить"
almost,"почти, едва не"
alone,"один, одинокий"
along,вдоль
alongside,рядом
already,уже
although,хотя
am,(я) есть (от be)
wrinkle,"морщина, морщить(ся)"
fist,кулак
heel,"пятка, каблук"
interest,"интересовать, заинтересовывать"
draft,"чертеж, проект"
maker,производитель
bearer,"носитель, податель, предъявитель"
mortgage,"заклад, залог"
transfer,"передача, переносить"
loan,"заём, ссуда"
cover,"покрывало, крышка"
galaxy,галактика (TR!)
star,звезда
constellation,созвездие
sun,солнце
moon,луна
planet,планета
mercury,ртуть
Venus,венера (TR!)
earth,земля
dragon,дракон ((!NEW!))
fairy,волшебный
ghost,"привидение, дух"
giant,"гигант, гигантский"
king,король
monster,чудовище
pirate,пират
prince,принц
princess,принцесса (TR!)
queen,королева
skeleton,"скелет, остов"
wizard,"колдун, специалист своего дела (!NEW!)"
curve,"изгиб, гнуть"
square,"площадь, квадратный"
circle,"амфитеатр, круг"
diameter,диаметр
arc,дуга (мат.)
circumference,окружность
apex,"верхушка, вершина (не peak)"
pyramid,пирамида
depth,глубина
height,высота
width,ширина
length,длина
broom,"метла, мести"
iron,"железо, утюг"
mop,"швабра, подтирать"
bleach,белить (ткань)
ammonia,аммиак
wax,"воск, восковой"
cream,"сливки, крем"
vote,"голос (на выборах), голосование, голосовать"
plot,заговор
obviously,очевидно
repel,"отталкивать, внушать отвращение"
sufficient,достаточный
failure,неудача
occur,случаться
resemble,походить
beans,фасоль
date,дата
happy,счастливый
feelings,страсти (от feeling)
event,событие
unhappy,"несчастный, неудачный (unhappy)"
violence,"сила, неистовство, насилие"
died,"умер, умерший (от die)"
hungry,голодный (не от слова starve)
melancholy,меланхолия (TR!)
sad,печальный
sorrowful,"печальный, скорбный"
unfortunate,"несчастный человек, горемыка"
rear,задняя часть
themselves,"себя, себе"
gesture,жест
expression,"выразительность, выражение"
roar,"реветь, орать, хохотать"
pop,"поп, популярный"
however,однако
dozen,дюжина
crew,"судовая команда, экипаж"
present,"настоящее время, подарок, настоящий, присутствующий"
doubt,"сомнение, сомневаться"
settle,"поселять, устраивать, оплачивать"
grip,схватывание
completely,"совершенно, полностью"
nearly,"почти, приблизительно (не almost)"
pair,пара
gather,собираться
sweat,"пот, потеть"
statue,"статуя, памятник"
fountain,"источник, фонтан"
bars,бруски(бары) (TR!)
slide,скользить
bush,куст
tree,дерево (tree)
grass,трава
buffalo,буйвол
hedgehog,еж
barge,баржа
boat,"лодка, пароход"
canoe,"челн, байдарка"
caravan,фургон
ferry,перевоз
yacht,яхта
ship,"корабль, пароход, грузить, перевозить"
drain,вытекание
stopper,"пробка, затычка"
tile,"черепица, кафель"
shower,"душ, ливень"
thread,нитка
material,материал
seam,шов
hem,"рубец, кромка, кайма; подшивать, подрубать"
snap,щелкать (snap)
needle,игла
thimble,"наперсток, наконечник"
embroidery,вышивка
speedometer,спидометр
horn,"рог, забодать"
ignition,"зажигание, воспламенение"
vent,"выпускать, испускать"
mat,коврик (не rug)
clutch,захват (не snatch)
brake,тормоз
jack,домкрат
hood,"капюшон, капор, колпак, крышка (тех.)"
headlight,"фара (автомобиля), огни (паровоза)"
radiator,радиатор
battery,аккумулятор
windfall,неожиданная удача
smash,"бить, разбивать"
violently,неистово
withdraw,"брать назад, забирать"
builder,строитель
ladder,лестница (не stairs)
rung,"ступенька, спица колеса"
cement,"цемент, основа"
foundation,основание
brick,кирпич
board,"садиться на пароход, самолет; доска"
wheelbarrow,тачка
detective,детектив(ный)
suspect,подозревать
gun,"ружье, пушка"
judge,судья
witness,свидетель
jury,"присяжные, жюри"
petrol,бензин
gasoline,"газолин, бензин (амер.)"
aerial,"воздушный, антенна"
attachment,"привязанность, прикрепление"
vanity,тщеславие
incomprehensible,"непонятный, непостижимый"
apron,фартук
hockey,хоккей
fencing,ограждение
flora,флора (TR!)
cell,"камера, ячейка"
evolution,развитие (TR!)
creation,создание (похоже на creature)
family,семья
species,порода
oxygen,кислород
grammar,грамматика
spell,писать или произносить (слово) по буквам
spelling,"орфография, правописание"
article,"статья, предмет, изделие"
word,"слово, обещание"
sentence,предложение
phrase,фраза
syllable,слог
subject,"предмет, содержание, подчинять"
predicate,сказуемое (грам.)
object,"возражать, предмет"
case,"случай, состояние"
tense,время (грам.)
mood,настроение
voice,голос
dialect,диалект (TR!)
rule,"правило, принцип, норма, управлять, решать"
exception,исключение
temperature,температура
headache,головная боль
rash,"стремительный, поспешный, опрометчивый; сыпь"
pain,"боль, страдание"
sick,больной
hurt,"рана, болеть, причинить боль, повредить"
unconscious,бессознательный
sore,"больной, воспаленный (не sick)"
faint,слабый
dizzy,головокружительный
twist,"вить(ся), крутить, скручивать"
burn,"гореть, жечь, сжигать"
bruise,"ушибать, синяк, ушиб"
medicine,"медицина, лекарство"
stitch,"стежок, петля (в вязании), шить"
drug,"лекарство, наркотик"
wound,рана
bandage,"бинт, повязка, перевязывать, бинтовать"
wife,жена
husband,муж
mother,мама
father,папа
daughter,дочь
son,сын
sister,сестра
brother,брат
baby,ребенок
grandmother,бабушка
grandfather,дедушка
grandson,внук
aunt,тетя
uncle,дядя
niece,племянница
nephew,племянник
cousin,двоюродный брат
stationery,писчебумажные принадлежности
folder,"папка (для дел), брошюра (амер.)"
strawberry,земляника
raspberry,малина
shift,"смена, перемещать"
tiring,утомительный
tough,жесткий
labour,"труд, трудиться"
capital,столица
stock,"запас, снабжать (не spare, hoard)"
handle,"обращаться с, управлять (не manage)"
lean,"прислоняться, наклоняться, наклон"
threaten,"грозить, угрожать"
opportunity,возможность
announce,объявлять
sure,"уверенный, убедиться, безусловно"
pressure,давление
pleasure,удовольствие
surely,несомненно
assure,"уверять, обеспечивать"
measure,мера
treasure,сокровище
deliver,"доставлять, передавать"
entirely,"совершенно, полностью, исключительно"
rapidly,быстро
hesitate,колебаться
bit,"кусочек, немного"
trolley,тележка
cab,"наемный экипаж, извозчик, такси"
steep,крутой (не sharp)
cram,"запихивать, пичкать, учить наспех, натаскивать (к экзаменам) ( не poke)"
chemist,"химик, аптекарь"
seller,торговец (не trader)
complaint,жалоба
bargain,сделка
resign,уходить в отставку
participate,участвовать
disadvantage,неудобство
lumber,лесоматериалы
crop,урожай
troops,войска
brand,"головня, клеймо, фабричная марка, сорт, клеймить"
advise,советовать
anticipate,предвидеть
appreciate,оценивать
avoid,"избегать, избежать"
complete,"полный, законченный"
delay,отсрочка
deny,"отрицать, отвергать"
discuss,обсуждать
dislike,"нелюбовь, неприязнь; не любить"
beat,"ударить, бить"
bet,"держать пари, пари"
absorb,"поглощать, всасывать, впитывать"
toast,"тост (жар. хлеб), сушить"
swig,потягивать вино
enjoy,"любить, получать удовольствие"
excuse,извинять
fancy,"воображать, представлять себе"
finish,"кончать(ся), заканчивать(ся), конец, финиш"
forget,забыть
imagine,"думать, воображать"
involve,"втягивать, вовлекать"
mind,"память, мнение, помнить, возражать"
miss,"промах, промахнуться, пропустить, скучать"
postpone,отсрочивать
practise,заниматься
quit,прекращать
recall,"припомнить, отозвать"
recollect,припоминать
regret,жалеть
remember,помнить
resent,"обижаться, возмущаться"
resist,сопротивляться
risk,"риск, рисковать"
harsh,"грубый, резкий (не sharp)"
feeble,"слабый, бледный"
juvenile,"юноша, подросток"
misery,"страдания, нищета"
destitute,сильно нуждающийся
endless,бесконечный
parents,родители (от parent)
relative,родственник
trick,"хитрость, обман, обманывать"
fake,подделка (!NEW!)
anxious,беспокойный
hover,"парить, вертеться"
pitch,"бросок, уровень, сооружать"
circuit,"кругооборот, окружность"
score,"счет, отметка, выигрывать"
selfish,эгоистичный
jealous,ревнивый
affectionate,"любящий, нежный"
charming,"очаровательный, прелестный"
independent,независимый
reliable,надежный
sensible,разумный
sensitive,чувствительный
sociable,общительный
mean,означать
insecure,"ненадежный, небезопасный (insecure)"
lazy,ленивый
shy,"застенчивый, робкий"
patient,"пациент, терпеливый"
responsible,ответственный
tidy,"чистый, аккуратный, убирать, приводить в порядок"
mentally,умственно
weird,"судьба, рок, таинственный, странный"
turn,"поворачивать, вращать, оборот, поворот, очередь"
FALSE,ложный
TRUE,"правильный, верный"
figure,фигура
soul,"душа, воплощение"
fight,"бороться, бой"
strict,точный
stuffy,душный
meat,"мясо, мясной"
ham,ветчина
pork,свинина
beef,говядина
sausage,"колбаса, сосиска"
milk,молоко
cheese,сыр
bread,хлеб
butter,масло
sugar,сахар
pie,пирог
salt,"соль, соленый, солить"
soup,суп
millet,"просо, пшено"
sandwich,бутерброд
regarding,относительно
gain,прибыль
essential,"обязательный, существенный, важный"
deceptive,обманчивый
flood,наводнение
grasp,"понять, схватить"
aware,сознающий
stop,"остановка, перестать, остановиться"
suggest,"предлагать, советовать"
tolerate,терпеть
understand,"понимать, подразумевать"
riddle,загадка (не enigma)
accuse,обвинять
congratulate,поздравлять
prevent,"предотвращать, препятствовать"
thank,благодарить
forgive,прощать
warn,предупреждать
growth,рост
impact,удар (не stroke)
ample,"обширный, просторный"
fair,"любезно, хорошо, справедливый"
offensive,наступление
appalling,"ужасный, плачевный"
dwarf,"карлик, гном (миф.) (не gnome)"
elf,Эльф (TR!)
dormitory,спальня
shelter,"приют, убежище"
business,"дело, бизнес, деловой"
rug,ковер
floor,"пол, этаж; одолеть, смутить"
court,"корт, двор"
thief,вор
arson,поджог
approach,"приближаться, подступ"
vaguely,неопределенно (TR!)
refuge,убежище
violent,яростный
accommodation,"удобство, согласование"
row,грести
seat,"место, сиденье, сажать, усаживать"
married,"женатый, замужняя"
single,"один, одинокий"
habits,привычки (TR!)
long,"длинный, долгий, долго"
heavy,тяжелый
early,рано
late,поздно
slow,"медленный, замедлять"
fast,"спешащий, сильно, быстро (fast)"
safe,"сейф, безопасный, надежный"
dangerous,опасный
big,большой
small,"маленький, тонкий, скромный"
hot,горячий
narrow,узкий
wide,широкий
alas,увы (TR!)
Ginny,гинни (TR!)
Hedwig,Хедвиг (TR!)
shape,форма
expressive,выразительный
skinny,"худой, тощий, кожа да кости (!NEW!)"
plump,"пухлый, полный (не swell)"
bust,бюст
acquisition,приобретение
rare,"редкий, недожаренный"
assistant,помощник
current,"течение, ток"
purchase,"покупка, покупать"
subscription,подписка
lend,дать в долг
permanently,постоянно
deliberately,"сознательно, обдуманно ((!NEW!))"
privacy,уединенность
host,хозяин
impatient,нетерпеливый
numb,"онемелый, оцепенелый (не dumb, )"
offence,обида
ban,запрещать
old,старый
new,новый
lovely,"прекрасный, восхитительный"
interesting,интересный
bad,плохой
expensive,дорогой
cheap,дешевый
great,великий
difficult,трудный
easy,"легкий, простой"
boring,скучный
simple,"простой, однозначный"
friendly,"дружеский, дружелюбный"
various,"различный, разный"
limited,ограниченный
modern,современный
each,каждый
terrible,"ужасный, страшный"
wet,мокрый
comfortable,удобный
steel,сталь
thereby,таким образом
consequences,последствия (TR!)
hasty,"поспешный, необдуманный"
debt,долг
socket,"патрон (эл. лампочки), глазная впадина"
cinema,кино
innocent,"наивный, невинный"
bloom,цветение
lack,недостаток
order,"порядок, приказ, заказ, заказывать, приказывать"
tips,наконечники(чаевые) (TR!)
careless,беззаботный
flee,бежать
puddle,"лужица, смущать, барахтаться в воде"
futile,"бесполезный, тщетный, пустой (о человеке)"
weep,плакать
distress,"горе, нужда; огорчать, расстраивать"
pressing,"срочный, настойчивый"
gooseberry,крыжовник
novel,роман
textbook,учебник
handbook,"справочник, руководство (не guidance)"
appendix,"приложение, аппендикс (анат.)"
supplement,добавление
chapter,глава (книги)
introduction,введение
evaluation,оценка (не estimation)
parent,"родитель, родственник"
prisoner,заключенный
victim,жертва
untidy,неаккуратный
disgrace,"позор, немилость"
tournament,турнир
competition,соревнование
lap,подол
jet,"струя (воды, пара, газа)"
diamond,"алмаз, бриллиант"
ruby,рубиновый
amber,"янтарь, янтарный"
pearl,"жемчуг, жемчужный"
gem,драгоценный камень
prefer,предпочитать
abide,"ждать, терпеть"
desire,желание
concede,"уступать, допускать"
request,просьба
demand,требовать
regard,"взгляд, внимание, смотреть, считать"
effort,"усилие, напряжение"
generous,великодушный
area,"площадь, район"
repeat,"твердить, говорить наизусть"
tackle,хватать
install,"водворять, устраивать, устанавливать"
resume,"итог, сводка, возобновлять, подводить итог"
produce,производить
explain,объяснять
both,оба
recent,недавний
input,вход (TR!)
owe,быть должным
appear,появляться
trouble,"неприятность, беда, беспокоить(ся), волноваться"
hour,час
sign,"подписывать(ся), знак, вывеска"
spot,пятно
luxury,роскошь
coincidence,совпадение
inhabitant,житель
device,"прибор, схема, проект, прием, устройство"
means,"средство, способ"
resource,"ресурс, средство"
tear,"слеза, разрыв, (по)рвать"
spray,"брызги, обрызгивать"
gear,механизм
habit,привычка
succession,последовательность
breast,грудь
toe,палец
month,месяц
personal,личный
success,"успех, удача"
statement,"утверждение, заявление"
delivery,доставка
share,"разделять, доля, часть"
connect,соединять
notice,"извещение, сообщение, замечать, обращать внимание"
nod,"кивать головой, кивок"
create,создавать
offend,"обижать, обидеть"
possess,обладать
behave,вести себя
efficient,эффективный
average,средний
financial,финансовый
commercial,торговый
common,общий
empty,пустой
successful,"удачный, успешный"
calmly,"тихо, спокойно (!NEW!)"
politely,вежливо (!NEW!)
warily,осторожно
firmly,"твердо, решительно"
sadly,печально
cautiously,осторожно ((!NEW!))
swiftly,быстро (!NEW!)
anxiously,тревожно ((!NEW!))
carefully,"осторожно, внимательно"
document,документ
racing,гоночный (
quay,набережная
mansion,дворец
picturesque,живописный
dusty,пыльный
vicious,порочный
bully,запугивать (не scare)
sweetheart,"возлюбленный(ая), дорогой(ая) (как обращение)"
incredible,невероятно
wealth,богатство
invade,вторгаться
stare,пристальный взгляд
reason,"причина, довод, разум, рассудок"
complain,жаловаться
notorious,"известный, отъявленный"
willingly,охотно
frequently,часто
former,бывший
similar,похожий
achievement,"выполнение, достижение"
fluently,"бегло, гладко"
acquit,оправдывать
robbery,грабеж
swindle,"обман, обманывать, надувать (не deceive)"
murder,убийство
punishment,наказание
evidence,доказательство
indirect,косвенный
bar,бар
dock,"док, пристань"
robber,грабитель
convict,"признать виновным, осудить"
cache,тайник (TR!)
dove,голубь
lark,жаворонок
falcon,сокол
heron,цапля
Germany,германия (TR!)
abominable,"отвратительный, противный"
extension,расширение
design,"проектировать, спроектировать"
bottom,"дно, донышко; нижняя часть"
application,"заявление, применение"
miscellaneous,"смешанный, разнообразный"
top,"верх, верхушка"
hairpin,шпилька
brooch,брошь
existence,существование
abrupt,"резкий, внезапный, крутой, обрывистый"
absence,отсутствие
absent,отсутствующий
abundance,"богатство, изобилие"
acclaim,провозглашать
advertise,"помещать объявление, рекламировать"
data,"данные, факты"
music,музыка
yes,да
no,"нет, никакой"
please,пожалуйста (только в просьбе)
my,"мой, моя, мое, мои"
your,"ваш, твой"
his,его (
her,"ее, ей"
our,наш
their,"их (на вопрос ""чей?"")"
who,кто
what,"что, какой"
where,"где, куда"
when,когда
why,почему
which,который
accomplish,выполнять
patience,терпение
decent,"приличный, скромный"
conduct,"вести, руководитель, проводить"
identify,"опознавать, распознавать; устанавливать личность"
center,центр
variable,"изменчивый, непостоянный"
earn,зарабатывать
exert,напрягать(силы)
compete,"состязаться, конкурировать"
edge,"край, точить"
boots,"ботинки, сапоги (от boot)"
tail,"конец, хвост"
bride,невеста
glacier,"ледник, глетчер"
slope,"склон, наклон, гора для катания"
nostrils,ноздри (TR!)
teeth,зубы
whiskers,"бакенбарды, усы (у животных)"
Eugene,Юджин (TR!)
Paul,пол (!NEW!)
peter,питер (TR!)
Ted,раскидывать
Nat,нат (TR!)
noble,"благородный, знатный"
either,или
wise,мудрый
beyond,"далеко, вдали, на расстоянии, вне, сверх"
cosy,уютный
bless,благословлять
seek,искать (не find)
weak,слабый
purpose,цель
weakness,слабость
man,"мужчина, человек"
woman,женщина
boy,"мальчик, юноша"
girl,"девочка, девушка"
bird,птица
grimly,"жестоко, решительно (!NEW!)"
eagerly,охотно (не willing)
gently,"мягко, кротко"
frantically,неистово (!NEW!)
sternly,строго (!NEW!)
sharply,резко
urgently,срочно
bravely,смело
luckily,к счастью
hurriedly,поспешно (!NEW!)
faithfully,искренне (TR!)
gradually,постепенно
proudly,гордо
water,"вода, поливать, разбавлять"
bathe,купаться
bank,банк
degree,"степень, звание"
rain,дождь
snow,"снег, падать (о снеге)"
hail,приветствовать
sunshine,солнечный свет
frost,мороз
thunder,"гром, греметь"
lightning,молния
heat,жара
wind,"ветер, виток, виться, наматывать"
fog,туман
ice,лед
icicle,сосулька
cloud,облако
mist,дымка
thaw,оттепель
rainbow,радуга
hurricane,ураган
storm,"буря, взрыв (не blast)"
whirlwind,вихрь
boldly,смело (TR!)
joyfully,радостно
desperately,отчаянно ((!NEW!))
seriously,серьезно
suddenly,"внезапно, вдруг"
veil,"завеса, покрывало"
engagement,занятие
invitation,приглашение
guest,гость
champagne,шампанское
reception,прием
retire,"уходить, удаляться, оставлять должность"
fire,"огонь, пожар"
sack,мешок
overtime,сверхурочные
promotion,поощрение
wage,заработная плата
pay,"платить, зарплата"
confirmed,подтвержденный (TR!)
gap,брешь
temporary,временный
recently,недавно
meanwhile,"тем временем, между тем"
fir,"пихта, ель"
precisely,точно
task,задача
fashion,мода
while,"пока, в то время как, тогда как"
involved,сложный
eventually,"в конечном счете, в конце концов"
supplies,запасы(поставки) (TR!)
content,содержание
refuse,отказывать
though,"хотя, несмотря на"
specifically,специфически
granted,дарованный (!NEW!)
royal,королевский (не queen)
least,"наименьший, менее всего"
conceal,"скрывать, утаивать"
successive,последующий
remains,остается (TR!)
emerged,появился (TR!)
extend,"продлевать, растягивать"
outbreak,"взрыв, вспышка, начало (войны и т.п.)"
whether,ли
experienced,опытный
mild,мягкий (не soft)
treatment,"обращение, обработка"
shot,"попытка, выстрел"
surgery,"хирургия, приемная хирурга"
disease,болезнь
smear,"масляное пятно, пачкать, мазать"
drip,капать
prescription,рецепт
appointment,условленная встреча
drops,снижения(капли) (TR!)
syringe,шприц
tax,налог
rent,"брать напрокат, снимать жилье, квартирная плата"
bonus,премия
commission,комиссионные
customer,клиент
cash,деньги
contribution,вклад
remainder,остаток
bill,"счет, законопроект"
profit,прибыль
transaction,"дело, сделка, ведение (дел), труды, протоколы (общества)"
clause,"предложение, статья"
code,код
expense,расход
cost,"стоить, стоил"
contract,"договор, контракт"
threw,бросал (не flung) (!NEW!)
state,"государство, состояние"
copyright,авторское право
masterpiece,шедевр
probably,вероятно (
maintenance,поддержание
initially,вначале
quote,цитировать
raise,"поднимать, возвышать"
onto,на (не upon)
separate,отдельный
otherwise,иначе
exciting,"волнующий, великолепный"
day,день
night,ночь
year,год
century,"столетие, век"
week,неделя
quarter,"четверть, квартал"
morning,утро
evening,вечер
noon,полдень
midnight,полночь
minute,минута
second,"второй, помощник, секунда"
weekend,выходные
today,"сегодня, теперь, современный"
tomorrow,"завтра, назавтра"
yesterday,вчера
winter,зима
summer,"лето, летний"
spring,весна
welcome,"желанный, гостеприимство"
house,дом
friend,друг
cock,"петух, задирать"
charge,"плата, стоимость, взимать плату"
assassination,убийство
gate,"ворота, проход"
balcony,балкон
roof,крыша
path,"тропинка, беговая дорожка"
pavement,тротуар (не sidewalk)
chimney,труба
terrace,терраса
porch,"крыльцо, (амер.) веранда, терраса"
ivory,слоновая кость
lilac,"сирень, сиреневый"
crimson,"алый, малиновый (не scarlet)"
proved,доказанный (TR!)
swept,подметал (!NEW!)
despite,несмотря на
carbon,углерод
copper,медь
helium,гелий (TR!)
lead,"вести, руководить"
tin,"олово, жестянка, консервная банка"
interfere,мешать
emphasis,"подчеркивание, ударение, выразительность"
handling,обращение
since,с тех пор как
loop,петля
drill,"дрель, тренировать"
file,картотека
blade,лезвие
signature,подпись
section,"отделение, делить на части"
storey,этаж
mast,мачта
frame,"оправа, рамка"
member,член
collapse,"крушение, крах, рушиться, потерпеть крах"
concrete,"бетон, сгущать, конкретный"
instance,пример
offer,предлагать
comparison,сравнение
provide,обеспечивать
implement,выполнять
shallow,"мелкий, поверхностный, (от)мель"
explained,объяснил (от explain)
whole,"целый, весь, целое"
rather,"скорее, лучше"
seize,хватать
often,часто
seldom,редко
rarely,редко
sometimes,иногда
usually,"обычно, обыкновенно"
sauce,"соус, приправа, поливать соусом"
vinegar,уксус
further,"дальнейший, дополнительный"
anniversary,годовщина
pickles,маринованные огурцы
mallow,просвирник (TR!)
mint,мята
call,"звонить, называть (call)"
even,даже
thereafter,после этого; впоследствии (не afterwards) (!NEW!)
arrangements,меры (не measurements) (TR!)
required,потребованный (не demanded) (!NEW!)
refer,"отсылать, ссылаться"
reflect,"отражать, размышлять"
deadlock,"тупик, безвыходное положение"
prompt,"проворный, быстрый"
escape,"избежать, избегать"
James,джеймс (TR!)
Luke,лук (TR!)
plunge,нырять
obvious,очевидный
excite,"возбуждать, волновать"
stuck,"воткнул, приклеил (!NEW!)"
tease,"дразнить, задира"
whip,"кнут, хлыст, хлестать, сечь, взбивать (сливки, яйца)"
resolution,"решение, резолюция, решимость"
anew,"снова, заново"
exercise,упражнение
adapt,"приспособить, переделать"
arch,"арка, дуга"
traffic,уличное движение
road,дорога
launch,начинать
increase,рост
receive,получать
internal,внутренний
experience,опыт
enthusiasm,"энтузиазм, восторг"
impression,впечатление
magazine,журнал
being,будучи (от be)
eliminate,"исключать, уничтожать, ликвидировать"
worth,"стоящий, заслуживающий"
trace,"следить, чертить"
values,ценности (TR!)
definitely,определенно (TR!)
deed,"подвиг, дело"
dwell,жить
could,"мог, могли (бы)"
conclusion,заключение
acquire,приобретать
deeper,глубже (TR!)
trend,"общее направление, тенденция"
thus,"так, таким образом"
still,"все еще, однако, тихий"
correctly,"правильно, верно"
reject,отвергать
until,до
improve,улучшать
health,здоровье
harm,"беда, неприятность"
intolerable,"невыносимый, нестерпимый"
learnt,"узнал, выученный (от learn)"
bricks,кубики (детские)
besides,"кроме, кроме того"
use,"использовать, употребить, польза, применение"
malice,злоба
exasperation,"раздражение, ожесточение"
depression,"уныние, депрессия (эконом.)"
sorrow,печаль
admiration,восхищение
delight,"восхищение, восхищаться"
let,"позволять, давать, разрешать"
make,"делать, производить"
map,карта
me,"мне, меня"
plan,"план, планировать"
take,"брать, взять, принимать"
tell,"говорить, рассказывать"
that,"это, тот, та, то"
them,"их (на вопрос ""кого?"", ""что?"")"
bag,сумка
book,"книга, покупать (билет)"
child,ребенок
five,пять
geology,геология
give,давать
good,"хороший, добрый, добро, польза"
in,в
note,"запись, записка, банкнота, записывать"
on,"на, вперед, дальше"
put,"класть, размещать"
see,"(у)видеть, встретиться"
study,"учиться, изучать, заниматься, исследование, кабинет"
well,"хорошо, очень, добро, здоровый (не good)"
because,потому что
east,"восток, восточный"
find,"найти, находить"
schedule,"расписание, таблица, планировать"
express,"экспресс, выражать"
available,доступный
insist,настаивать
instead,"вместо, взамен"
shore,берег
experiment,эксперимент
majority,большинство
particularly,"особенно, в особенности"
behind,позади
naughty,непослушный
precise,точный
brittle,"хрупкий, ломкий (не fragile)"
furious,"взбешенный, бешеный, неистовый"
concept,"концепция, понятие, идея"
overall,всеобщий
utility,"полезность, выгодность, удобства, коммунальные услуги"
rate,"тариф, расценка, степень, оценивать"
item,"вещь, предмет"
stiff,"негнущийся, застывший, холодный, натянутый"
ferocious,дикий
fierce,свирепый
bid,предложение (TR!)
threat,угроза
superior,"высший, лучший"
supposedly,предположительно
mining,горный
boost,"повышение, повышать"
pug,"мопс, моська, курносый нос"
adopt,"принимать, присваивать"
affairs,делишки ((!NEW!))
alike,похожий
basement,основание
cane,"трость, палка"
capture,"захват, поймать"
carriage,вагон
damp,"сырой, влажный"
dare,"сметь, отважиться"
dash,"оттолкнуть, отбросить"
deserve,заслуживать
eager,нетерпеливый
elsewhere,в другом месте (TR!)
encourage,"ободрять, поощрять, подстрекать"
equal,равный
abroad,за границей
bath,ванна
fail,"недоставать, не хватать; обмануть ожидания"
familiar,близкий
gang,"шайка, банда"
gasp,задыхаться (не pant)
injured,поврежденный
inn,"гостиница, постоялый двор"
jerk,"резкий толчок, подергивание; резко толкать, дергать"
jewel,драгоценность
justice,справедливость
attractive,привлекательный
disapproval,неодобрение
ideal,"идеал, идеальный"
persistent,настойчивый
keyhole,замочная скважина
kidnap,похищать (человека)
lad,"мальчик, юноша, парень (не guy)"
marble,мрамор
nab,курок
nearby,поблизости (nearby)
overhear,подслушивать
pal,"приятель, товарищ, дружок"
pale,бледный
rage,"гнев, ярость (не fury)"
ragged,"истрепанный, оборванный, рваный"
rag,"тряпка, лохмотья"
rail,рельс
scar,"шрам, рубец"
scared,напуганный (!NEW!)
scheme,проект
tender,нежный
ugly,уродливый
ungrateful,неблагодарный
unless,"если не, пока не"
villain,"злодей, негодяй"
wag,"махать, трясти"
wander,"бродить, блуждать"
yell,"пронзительный крик, кричать, вопить"
artful,"хитрый, ловкий"
attend,"посещать, обслуживать"
attorney,"адвокат, поверенный (не advocate)"
beating,поражение
beg,"просить, умолять"
beggar,нищий
cellar,"подвал, винный погреб"
certain,"определенный, некоторый, некий"
chase,"охотиться, преследовать, погоня, охота"
ditch,канава
drag,тащить
hope,надеяться
attempt,"пробовать, пытаться, попытка"
expect,ожидать
vehicle,транспортное средство
despair,отчаяние
intend,намереваться
prepare,готовить(ся)
tend,иметь тенденцию
claim,требовать
learn,"узнать, учиться"
pretend,"притворяться, делать вид"
want,"хотеть, желать, нуждаться в"
decide,решать
need,"нуждаться в, надо, нужда, потребность"
wish,"желание, желать"
cycle,"цикл, период"
seem,казаться
pleased,довольный
usual,"обыкновенный, обычный"
prepared,"готовился, готовый (от prepare)"
hard,"с трудом, тяжело"
necessary,"нужный, необходимый"
important,важный
possible,возможный
famous,известный
hear,слышать
through,"через, сквозь"
stir,"суета, суматоха, мешать, помешивать, волновать"
grate,каминная решетка
pour,лить
peel,"чистить, почистить"
carve,"вырезать, отрезать"
cut,"разрез, фасон (стрижки волос)"
slice,ломоть
steam,пар
boil,"кипятить, кипеть"
squeeze,"выжимать, сжимать, давить, впихивать, сжатие, давка"
wash,"мыть, стирать, мытье, стирка"
grill,решетка
freeze,замерзать
pound,"фунт, фунт стерлингов"
resolve,решать
treat,"удовольствие, лечить, относиться"
determined,решительный
applied,прикладной
hold,"держать(ся), выдерживать, захват, владение"
convenient,"подходящий, удобный"
praised,хвалил (от praise)
canvas,"холст, парус"
down,"внизу, вниз"
cotton,"хлопок, хлопчатобумажный"
flax,"лен, льняное полотно"
fur,"мех, шкура"
hemp,"конопля, пенька"
leather,"кожа, кожаный"
lining,подкладка
nylon,"нейлон, нейлоновый"
print,"печатать, напечатать"
silk,"шелковый, шелк"
wool,шерсть
velvet,"бархат, преимущество"
jersey,джемпер (
cake,торт
gift,подарок
celebrated,праздновал (от celebrate)
contemporary,современный
distribute,"распределять, распространять"
frail,"хрупкий, хилый"
alter,изменять
ancient,древний
conform,"соответствовать, подчиняться"
detect,"открывать, обнаруживать"
directly,"прямо, немедленно"
beneath,"под, ниже, внизу"
moist,"сырой, влажный"
mutton,баранина
bacon,бекон
bun,булочка
roll,"вращение, список, булочка, вращаться, катить(ся)"
spade,"лопата, заступ"
rake,"грабли, сгребать"
hoe,"мотыга, рыхлить землю"
hose,чулки
abate,уменьшить
obscure,"затемнять, затруднять понимание"
amiable,"любезный, милый"
anomaly,аномалия
approbation,одобрение (не approvement)
appropriate,"подходящий, соответствующий"
archaic,"устарелый, архаический"
arduous,"тяжелый, напряженный"
ascent,"восхождение, подъем"
aversion,отвращение
boisterous,"неистовый, шумный"
chronicle,"летопись, хроника, отмечать"
observe,"наблюдать, замечать (не outlook)"
countenance,самообладание(лицо) (TR!)
derisive,"насмешливый, иронический (не ironical)"
discern,"различать, видеть"
disdain,"презирать, пренебрегать; презрение, пренебрежение (не neglect)"
last,"прошлый, последний, продолжаться, длиться"
autumn,осень
deep,глубокий
strong,сильный
term,"семестр, срок"
ebb,"отлив, убывать"
warm,"теплый, согревать"
promise,обещать
send,"отправлять, посылать"
show,"показывать, демонстрировать, выставка, зрелище"
everything,все
fun,"шутка, веселье"
heap,куча
just,"только, всего лишь, справедливый"
lately,за последнее время
yet,"однако, еще"
done,сделанный (от do)
been,быть (от be)
eminent,выдающийся
explicit,ясный
coward,трус
tray,поднос
omit,"опускать, пропускать, упускать"
magician,волшебник
audience,публика
rope,канат
feat,"подвиг, ловкость, искусство"
interval,"антракт, промежуток"
performance,спектакль
orchestra,"партер, оркестр"
tour,"путешествие, тур (не trip)"
stalls,кресла в партере ( от stall)
adversity,"бедствие, несчастье"
wary,осторожный
prominent,выдающийся
substantial,"существенный, заметный, прочный, крепкий"
confident,уверенный
hinder,"препятствовать, мешать"
resentment,возмущение
steady,прочный
colour,цвет
picture,"картина, изображение, рисовать, описывать"
portrait,портрет
landscape,"ландшафт, пейзаж"
drawing,"протаскивание, вытягивание, рисование, чертеж"
sketch,эскиз
exhibition,выставка
caricature,карикатура
provision,заготовка
ambiguous,двусмысленный
scarce,"редкий, едва (не barely, merely, hardly)"
hasten,торопить(ся)
impediment,препятствие
ram,баран
adhere,"прилипать, приставать ( to) , приклеиваться, хвататься"
parcel,пакет
fairly,довольно (не rather)
marvel,"удивляться, поражаться"
convince,убеждать
stretched,растянутый (!NEW!)
within,"внутри, внутрь"
tread,"ступать, наступать"
relate,"относиться, связывать"
prospect,перспектива
nor,"и не, также не"
outward,"внешний, наружный (не outside)"
suggestion,предложение
apparent,"видимый, очевидный"
apparently,"явно, очевидно"
specimen,образец
moonlight,лунный свет (!NEW!)
chasing,уклоняющийся (от chase)
away,прочь
below,"ниже, внизу"
revolve,вращаться
sweetness,сладость (TR!)
scent,"запах, духи, след, почуять, нюхать (не smell)"
barely,"только, едва"
touching,трогательный
taste,"пробовать, иметь вкус"
upon,на
asleep,спящий (не sleepy)
truth,"правда, истина"
breathe,дышать
carrier,"носильщик, транспортное средство"
pedal,педаль
pump,насос
rim,ободок
spoke,"говорил, говоривший (от speak)"
valve,"клапан, створка, радио электронная лампа"
enforce,"принуждать, навязывать, проводить в жизнь"
undertake,предпринимать
apologize,извиняться
forbid,запрещать
mystery,тайна
initiate,начинать (не commence)
inquiry,"расспросы, наведение справок"
strengthen,"усиливать, укреплять"
protection,защита
grief,горе
cling,"цепляться, (при)льнуть"
grateful,благодарный
whenever,когда бы ни
disgust,"отвращение, вызывать отвращение"
redeem,"выкупать, искупать, выполнять (обещание и т.п.)"
somewhat,"что-то, отчасти"
intermediate,промежуточное звено (TR!)
over,"через, над, сверх"
between,между
near,"близко от, около"
under,под
up,"вверх, до предела, наверху"
among,среди (не midst)
off,"прочь, от"
into,в
from,"от, из"
begin,начинать(ся)
continue,продолжать(ся)
end,конец
cease,"прекращать, останавливать"
determine,"определять, устанавливать, разрешать"
properly,"правильно, должным образом"
brass,установить
porcelain,фарфор
bronze,бронзовый
crystal,хрусталь
plastic,"пластмасса, пластичный"
alloy,"примесь, сплав"
granite,гранит
metal,"металл, металлический"
zinc,"цинк, цинковый, оцинковывать"
supermarket,супермаркет
ankle,"щиколотка, лодыжка"
education,образование
fickle,"непостоянный, изменчивый"
city,город
country,страна
now,сейчас
town,город (не city)
pause,пауза
peanut,земляной орех
jelly,желе
strain,"натягивать, напрягать(ся), напряжение"
straw,"пустяк, мелочь"
attraction,"привлекательность, аттракцион"
fool,"дурак, глупец"
baseball,бейсбол
hoop,обруч
formidable,внушительный (не tremendous)
ensure,"обеспечивать, гарантировать"
observation,"наблюдение, замечание"
altogether,"всего, в общем"
consideration,"рассмотрение, соображение"
decision,решение
establish,"учреждать, создавать, утверждать"
trade,"торговать, ремесло, занятие, профессия"
go,идти
you,"вы, ты"
edit,редактировать
save,"спасать, хранить, экономить"
delighted,восхищался (от delight)
disappointed,разочарованный (от disappoint)
curious,любознательный
thorough,тщательный
adventurous,"отважный, предприимчивый (не undertaking)"
mutual,"взаимный, общий (не common)"
acute,"острый, проницательный"
significant,значительный
vague,"неопределенный, смутный"
superficial,"поверхностный, внешний"
profound,глубокий
sharp,"точно, ровно, резкий, крутой, плутовать"
appearance,"появление, внешность"
eyebrows,брови ((!NEW!))
female,"женщина, самка"
guffaw,хохот
haughty,"высокомерный, надменный"
indolent,"ленивый, праздный, безболезненный"
insolent,"наглый, дерзкий, оскорбительный"
shoe,"ботинок, туфля"
mule,"мул, тупица, гибрид, туфля без задников"
wedge,клин
sole,"подошва, подметка; ставить подметку"
lace,"кружево, шнурок"
suburb,"пригород, окраина"
bucket,ведро
sweep,(под)мести
crooked,кривой
quench,утолять (жажду)
hang,"повесить, висеть"
gnaw,"грызть, глодать"
fetch,приносить
stream,"ручей, поток"
full,полный
hole,"отверстие, яма"
fill,"заполнить, наполнить"
sly,хитрый
ripe,спелый
grain,зерно
honest,честный
loyal,"верный, лояльный"
modest,скромный
stubborn,упрямый
phone,телефон
switch,"переключать, включать, выключатель, выключать"
wireless,"беспроволочный, радио"
equipment,"снаряжение, оборудование"
loving,любящий
affection,"привязанность, любовь"
careful,осторожный
kiss,целовать
irresolute,нерешительный
mirth,"веселье, радость"
name,"имя, фамилия, называть"
place,место
lake,озеро
little,"мало, маленький"
bananas,бананы (от banana)
mob,"толпа, сборище"
precarious,ненадежный
protocol,протокол (TR!)
prudent,"осторожный, благоразумный (не careful)"
purge,чистка (не clean)
repose,"полагаться, доверяться"
rogue,"плут, мошенник (не valet)"
inquire,"спрашивать, узнавать"
sanction,санкция
sanguine,"живой, жизнерадостный, румяный (не spirited)"
body,тело
blood,кровь
flesh,"тело, плоть, мясо"
carry,"нести, носить, возить"
here,"здесь, вот"
thing,"вещь, предмет"
think,"думать, мыслить"
liquid,жидкость
slowly,медленно
enough,достаточный
dirty,грязный
industrious,"трудолюбивый, прилежный (не hardworking)"
value,"ценность, цена, дорожить, ценить"
borrow,брать в долг
rely,"полагаться, доверять"
population,"население, жители"
gene,ген
fossil,ископаемое
musician,музыкант
bass,"бас, басовый"
song,песня
composition,"сочинение, композиция"
tune,мотив
arrangement,договоренность
key,ключ
crowded,многолюдный
foster,воспитывать
venture,"предприятие, риск"
favour,"одолжение, услуга, польза"
hamper,препятствие
contribute,"делать вклад, способствовать"
gaze,"пристально глядеть, пристальный взгляд"
accused,обвиняемый
perceive,"воспринимать, ощущать"
disaster,"бедствие, несчастье"
damage,"повреждать, причинять ущерб"
arrive,приезжать
leave,"оставлять, покидать, уезжать"
return,"вернуть(ся), возвращение"
visit,"визит, посещать, навещать"
disappear,"исчезать, исчезнуть"
meet,"встречать(ся), знакомиться"
look,"смотреть, выглядеть, взгляд, внешность"
speak,"говорить, убеждать"
talk,"говорить, беседовать"
hello,привет
operation,"действие, операция"
play,"играть, игра (play)"
rescue,"спасение, спасать"
collect,коллекционировать
induce,убеждать
regulate,"регулировать, приспосабливать"
pan,сковорода
helping,помощь
starve,умирать от голода
desperate,"отчаянный, безнадежный"
munch,чавкать
filling,"заполнение, наполнение"
torture,"пытать, пытка (не attempt)"
occasion,"случай, обстоятельство"
marvellous,"удивительный, замечательный"
sniff,"фыркать, сопеть"
surround,окружать
treasury,сокровищница
politeness,вежливость (TR!)
kindness,"доброта, любезность"
hospitality,гостеприимство
confidence,доверие
independence,независимость
composure,"спокойствие, самообладание"
concentration,"концентрация, сосредоточенность"
industry,промышленность
foresight,"предвидение, предусмотрительность"
pride,гордость
laziness,лень
cruelty,жестокость
jealousy,ревность
skull,череп
nerve,нерв
hush,водворять тишину
push,толкать
pull,"тянуть, тащить"
stretch,"растягивать, вытягиваться"
universal,всеобщий
comprehensive,"исчерпывающий, обширный"
rib,ребро (не hip)
spine,позвоночный столб
male,"мужчина, самец"
men,мужчины (от man)
women,женщины (от woman)
January,январь
February,февраль
March,маршировать
April,апрель
may,май
June,июнь
July,июль
august,август
September,сентябрь
October,октябрь
November,ноябрь
December,декабрь
necessarily,обязательно
exactly,"точно, именно"
quiet,"тихий, спокойный"
argument,спор
course,"курс, блюдо"
bore,скука
surface,поверхность
moan,"оплакивать, стонать"
sigh,"вздыхать, вздох"
enclose,окружать
err,допустить ошибку (TR!)
oriental,восточный
repeatedly,неоднократно
general,общий
definite,"определенный, точный"
depend,зависеть
freely,свободно
move,"двигать(ся), переезжать"
piece,кусок
solid,твердый
than,чем
thick,"толстый, густой"
vessel,"сосуд, судно"
goal,"цель, гол"
halfway,на полпути (!NEW!)
bishop,"епископ, слон (шахм.)"
knight,рыцарь
adore,обожать
bite,кусаться
catch,"уловить, понять, получить нагоняй"
deal,значительное количество
inch,дюйм
insect,насекомое
join,соединяться
pass,"передавать, проходить, пропуск, перевал"
foam,пена
bike,велосипед
permission,разрешение
feature,"особенность, характерная черта"
achieve,"достигать, успешно выполнять"
promising,многообещающий
exchange,"обмен, обменивать"
distinguish,"отличать, различать, разделять"
are,есть (от be)
gram,грамм
league,"союз, лига"
mile,миля
yard,"ярд, двор"
coin,монета
reverse,"противоположное, обратное"
dollar,доллар
cent,цент
legend,легенда
undertaking,предприятие
prove,"доказывать, доказать"
intricate,запутанный (не entangled)
helmet,"шлем, каска"
proposal,предложение
biscuit,сухое печенье
pizza,пицца
spectacular,производящий глубокое впечатление; впечатляющий; эффектный
distinguished,"выдающийся, почетный"
steak,бифштекс
stew,тушеное мясо
rouge,"румяна, губная помада"
scrub,тереть
wig,парик
require,требовать
staff,"штат, персонал, штаб"
skill,мастерство
children,дети
grandparents,дедушка и бабушка
chauffeur,шофер
director,режиссер
guard,"охрана, стража"
guide,"гид, экскурсовод"
librarian,библиотекарь
mechanic,механик
policeman,полицейский
stepfather,отчим
believe,верить
counter,"прилавок, противостоять, противиться"
two,два
zero,ноль
three,три
four,четыре
six,шесть
seven,семь
eight,восемь
nine,девять
ten,десять
eleven,одиннадцать
twelve,двенадцать
thirteen,тринадцать
fourteen,четырнадцать
fifteen,пятнадцать
sixteen,шестнадцать
eighteen,восемнадцать
nineteen,девятнадцать
twenty,двадцать
thirty,тридцать
forty,сорок
fifty,пятьдесят
sixty,шестьдесят
seventy,семьдесят
eighty,восемьдесят
thousand,тысяча
income,"доход, заработок"
welfare,благосостояние
deduction,"вычитание, вычет, удержание, вывод, заключение"
injury,телесное повреждение
reference,"рекомендация, ссылка, справка"
atom,атом
mass,"масса, множество"
energy,"энергия, сила"
impulse,"побуждение, порыв"
administrator,администратор
clerk,чиновник
labourer,рабочий
genuine,подлинный
adequate,"достаточный, соответствующий"
assignment,назначение
goodwill,добрая воля
consent,разрешение
despise,презирать
terrified,испуганный (TR!)
subsequently,впоследствии
valid,правильный
Egypt,египет (TR!)
England,англия
France,франция
Italy,италия (TR!)
English,"английский язык, английский"
French,французский
Greek,грек (TR!)
Italian,итальянец (TR!)
Mexican,мексиканец (TR!)
polish,лак
flat,"квартира, плоский"
hall,зал
bedroom,спальня
garage,гараж
attic,чердак
some,"немного, несколько"
own,"иметь, владеть, свой, собственный"
authoritative,авторитетный
housewife,домашняя хозяйка
painter,художник
driver,"водитель, шофер"
trot,"рысь, рысца, бежать рысью"
strike,"ударять, забастовка"
kick,"пинать, пнуть"
punch,"пробивать (отверстия), ударять кулаком, удар кулаком, пунш"
creep,"ползать, выползать"
hit,"успех, удача, попадать в цель"
client,клиент
student,студент
opposite,противоположный
committed,совершенный(переданный) (TR!)
poverty,бедность
mature,"зрелый, созреть"
inferior,"худший, плохой"
tolerant,терпимый (не bearable)
provoke,"вызывать, провоцировать"
duster,"тряпка, щетка"
door,дверь
curtains,занавески ((!NEW!))
clock,часы (не watch)
dictionary,словарь
newspaper,газета
blessed,благословлённый (!NEW!)
swear,клясться
grow,расти
rising,возрастающий
grave,"могила, серьезный, важный"
goodbye,прощание
Hi,привет
number,номер
job,работа
right,"правильный, правый"
wrong,"неправильный, не тот"
gravy,"подливка, соус"
pudding,пудинг
beer,пиво
juice,сок
brandy,"коньяк, бренди"
tea,"чай, отвар"
wine,"вино, винный, пить вино"
coffee,кофе
rum,"ром, странный"
chocolate,шоколад
lemonade,лимонад
liquor,крепкий спиртной напиток
port,порт
cocoa,какао
cocktail,коктейль
herein,"в этом, при сем"
frankly,откровенно
policy,политика
retirement,отставка
position,положение
charity,милосердие
surplus,излишек
dark,"темный, печальный"
light,"свет, освещение, фара, освещать, зажигать"
bright,ясный
brilliant,"блестящий, брильянт"
shades,оттенки (от shade)
efficiency,эффективность
margin,"минимум, нижняя грань, предел"
ancestor,предок
grab,внезапно схватывать
warrant,"полномочие, ордер, гарантировать"
enable,"давать возможность, делать возможным"
weight,"вес, тяжесть, груз"
probability,вероятность
ailing,больной
additions,Дополнения
disposal,"вручение, право распоряжаться"
I,я
he,он
she,она
this,"этот, это"
they,они
IT,"это, он, она (для предметов и животных)"
persian,персидский (TR!)
constraint,ограничение (TR!)
exposure,подвергание (TR!)
major,"специализироваться, главный"
institution,учреждение
submit,подчиняться
issue,"выпуск, издание, выпускать"
challenge,"вызывать, вызов"
option,выбор
improvement,улучшение
unique,уникальный (TR!)
raising,воспитание
duty,"долг, обязанность, пошлина"
toward,"к, на"
public,общественный (не social)
assist,"помочь, помогать"
obligation,обязательство
comply,"уступать, соглашаться"
furthermore,кроме того
assistance,помощь
prize,приз
society,общество
money,деньги
service,"сервис, обслуживание"
time,время
world,"мир, свет"
Monday,понедельник
Tuesday,вторник
Wednesday,среда
Thursday,четверг
Friday,пятница
Saturday,суббота
Sunday,воскресенье
color,цвет (TR!)
sex,пол
adult,взрослый
rack,полка для багажа над сиденьем
dough,тесто
surname,фамилия
postcard,почтовая открытка
camera,фотоаппарат
stamp,"марка, печать, штемпелевать"
Russia,россия
horrible,ужасный
young,молодой
we,мы
him,"его, ему"
its,"его, ее (от it)"
these,"эти, это"
those,"тот, та, то, те"
us,"нас, нам"
un,оон (TR!)
pinch,"щипать, прищемить, щипок"
harness,"упряжь, запрягать"
whose,чей
how,как
receipt,квитанция
obtain,добиваться
query,"вопрос, спрашивать"
booking,продажа билетов
lighting,освещение
heating,отопление
volume,"объем, громкость"
allocation,"распределение, назначение"
assembly,"собрание, ассамблея"
finishing,завершение
storage,хранение
arbitrary,произвольный
feminine,"женский, женского рода (грам.)"
complex,"сложный, составной, комплексный"
brave,"храбрый, смелый"
intelligent,умный
polite,"любезный, вежливый"
accurate,"точный, правильный"
helpful,полезный
original,"оригинал, первоначальный"
sympathetic,сочувственный
educated,образованный
greedy,жадный
pleasant,приятный
arguments,аргументы(споры) (TR!)
considerate,"внимательный (к другим), чуткий"
obedient,послушный
courageous,"смелый, отважный"
if,если
respectful,почтительный
first,первый
towards,"к, в направлении"
relationship,родственные связи
spend,тратить
exhaust,"исчерпывать, истощать, выхлоп (тех.)"
myself,"себя, меня самого, себе, сам"
past,"после, за"
flowerbed,клумба
disbelief,недоверие
brilliance,"блеск, великолепие, яркость (не brightness)"
genius,гений
intelligence,интеллект
disabled,"искалеченный, выведенный из строя"
extraordinary,необычный
frantic,неистовый
ingenious,"изобретательный, остроумный, находчивый"
malicious,злобный
reluctant,"делающий что-либо с большой неохотой, по принуждению; сопротивляющийся"
praise,хвалить
smart,изящный (не grace)
external,наружный
specification,спецификация (TR!)
ought,долженствование
niche,ниша
display,"показ, выставка"
mainly,главным образом
convinced,убежденный
ambulance,"полевой госпиталь, карета скорой помощи"
arrest,"арестовывать, арест"
bleeding,кровотечение (TR!)
breath,дыхание
breathing,дыхание
crash,"потерпеть крах, потерпеть крушение"
emergency,крайняя необходимость
glad,рад
pulse,"пульс, пульсировать"
urgent,"крайне необходимый, срочный"
warning,предупреждение
camp,лагерь
choice,выбор ( не choose)
dead,мертвый
deputy,"депутат, делегат"
incident,инцидент
nowadays,в наше время
outlaw,"человек вне закона, изгнанник"
steal,(с)воровать
suspicious,подозрительный
weapon,оружие
interested,"заинтересованный, интересующийся (от interest)"
extremely,крайне
protect,"защищать, предохранять"
too,"слишком, тоже"
exhausted,изнуренный
tired,усталый (от tire)
enamel,"эмаль, глазурь"
pulp,"мякоть, бумажная масса"
cavity,"впадина, полость"
toothache,зубная боль
crown,корона
elastic,"эластичный, упругий, резинка"
discretion,свобода действий; свободный выбор
substitute,заместитель
candle,свеча
like,"любить, нравиться, похожий, подобный"
life,жизнь
peace,мир
clever,умный
characteristic,особенность
exclaim,восклицать
largely,обильно
exact,точный
person,"человек, особа, лицо, личность"
feet,"ноги, ступни"
mice,мыши
lustre,"блеск, лоск, глянец, люстра"
unfortunately,"к несчастью, к сожалению"
therefore,"поэтому, следовательно"
cheque,банковский чек
weather,погода
due,"должный, обязанный"
currently,в настоящее время (TR!)
try,"пробовать, пытаться"
physician,врач
inherited,унаследованный (TR!)
merit,достоинство
forbidden,запрещенным (TR!)
equality,"равенство, равноправие"
unfair,несправедливый
neglect,пренебрегать
prolong,продлевать
terminate,кончать(ся)
opt,выбирать
rigid,жесткий (не tough)
exploit,эксплуатировать
distract,отвлекать
awkward,неуклюжий
principal,"главный, основной, важнейший"
breach,"брешь, пробивать брешь"
pattern,модель
confusion,смущение
random,"случайный, беспорядочный"
confirm,"подтверждать, утверждать"
credit,кредит
maturity,зрелость
yield,приносить
alternate,переменный
batch,"выпечка, партия, группа"
threshold,порог
allowance,"дозволение, допущение (allowance)"
coast,побережье
historical,исторический
rainy,дождливый
sunny,солнечный
traditional,традиционный
excited,"взволнованный, возбуждённый"
group,группа
quickly,быстро
trap,"ловушка, западня"
buzzer,(фабричный) гудок
quiz,"опрос, проверять знания"
bitter,"горький, мучительный"
packet,пакет (не bundle)
pool,"пруд, бассейн"
typical,типичный
belongings,"вещи, пожитки"
fortunate,счастливый
condition,условие
outside,"снаружи, наружный"
contain,"содержать, сдерживать"
optional,дополнительный (TR!)
summary,"конспект, суммарный"
consistent,"совместимый, согласующийся (не compatible)"
compare,сравнивать
per,в
pipe,труба (не tube)
vary,"отличаться, расходиться"
weigh,"взвешивать, весить"
requirement,требование
revenue,доход
asset,имущество
widow,вдова
kind,"добрый, вид, род"
hardworking,трудолюбивый
nervous,нервный
calm,успокаивать
noisy,шумный
beautiful,красивый
stupid,глупый
silly,глупый
rude,"грубый, резкий, невоспитанный"
joyful,"радостный, довольный"
cheerful,"жизнерадостный, веселый"
ambitious,честолюбивый
neat,"чистый, опрятный"
dad,"папа, отец"
mummy,мумия (TR!)
neighbour,сосед
change,"мелкие деньги, сдача, менять, пересаживаться"
lift,"поднимать, подъемник, лифт"
reach,достигать
such,такой
useful,полезный
without,без
ran,"бежал, убежавший (от run)"
terrific,"потрясающий, ужасающий"
thoroughly,тщательно
tiny,крошечный
nasty,"скверный, плохой"
amazing,удивительный
magnificent,великолепный
excellent,"превосходный, отличный"
sob,рыдание
creak,"скрип, скрипеть"
rustle,"шелест, шорох, шелестеть, шуршать"
cruel,"жестокий, беспощадный"
bang,"ударять, хлопать (дверью и т.п.)"
crackle,"хрустеть, потрескивать"
flash,"вспышка, сверкать"
howl,"выть, вой (не wail)"
twinkle,"мерцать, сверкать, мигать, мелькать"
wail,"вопль, вой, вопить, выть"
blazing,сверкание
interference,вмешательство
suspense,неизвестность
tremble,"дрожать, дрожь"
mud,грязь
unexpected,неожиданный
dull,скучный
glowing,пылающий
revive,оживать
deserved,заслуженный ((!NEW!))
struggling,борьба (TR!)
reluctantly,неохотно (не unwillingly)
farm,ферма
peculiar,особенный
sound,"звук, звучать, играть"
smell,запах
spit,"плеваться, фыркать"
movement,движение
hundred,сто
conventional,"обычный, обусловленный"
vow,"обет, клятва"
proclamation,"воззвание, прокламация"
tempt,искушать
inevitable,неизбежный
hire,взять напрокат
fund,фонд
title,"заглавие, титул"
headquarters,штаб
output,"выпуск, продукция"
employment,"служба, занятие (не occupation, profession)"
spread,распространяться
fix,"починить, наладить, назначить"
loud,громкий
yawn,"зевать, зевота"
loss,"потеря, утрата"
accuracy,"точность, аккуратность"
error,ошибка
fraud,"обман, фальшивка"
component,компонент